210001 ,Sachin Bhayare ,sachin@thundersoft.com ,E4 ,1 / 8 / 18 ,9908528345 ,Sudharani Pillai ,Not Available ,QIPL-RA ,NA 
210002 ,Anuradha Korrapati ,anuradha@thundersoft.com ,S4 ,6 / 8 / 18 ,9618152193 ,Sudharani Pillai ,HR ,Support ,NA 
210004 ,Gode Venkataramana ,venkat@thundersoft.com ,S1 ,3 / 9 / 18 ,9908051733 ,Lokesh Kumar ,Facility ,Support ,NA 
210005 ,Avinash Gupta ,avinash.gupta@thundersoft.com ,E2 ,3 / 9 / 18 ,Not Available ,Raji Reddy ,Not Available ,QIPL-RA ,NA 
210007 ,Parchuri Vijaya Jayashree ,vijaya.jayashree@thundersoft.com ,E2 ,3 / 9 / 18 ,Not Available ,Sachin ,Not Available ,QIPL-RA ,NA 
210008 ,Shivakumar jayaraman ,shiva.jayaraman@thundersoft.com ,E2 ,3 / 9 / 18 ,Not Available ,Sreenath ,Power/Performance ,QIPL-RA ,NA 
210009 ,Surendra Prajapati ,surendra.prajapati@thundersoft.com ,E3  ,3 / 9 / 18 ,Not Available ,Raji Reddy ,Not Available ,QIPL-RA ,NA 
210010 ,Daggula Amani Reddy ,amani.reddy@thundersoft.com ,E1 ,10 / 9 / 18 ,Not Available ,Shanthi Sindhu ,Not Available ,QIPL-RA ,NA 
210011 ,Vishwanadhapalli nagababu ,nagababu.v@thundersoft.com ,E1 ,10 / 9 / 18 ,Not Available ,Sreenath ,Power/Performance ,QIPL-RA ,NA 
210013 ,Venkatapatigari Venkata Siva Pavan Kumarpavan.kumar@thundersoft.com ,pavan.kumar@thundersoft.com ,E1 ,10 / 9 / 18 ,Not Available ,Sachin ,Not Available ,QIPL-RA ,NA 
210014 ,Hardik Sureshbhai Madhvani ,hardik.madhvani@thundersoft.com ,E1 ,10 / 9 / 18 ,9173597471 ,Shanthi Sindhu ,Not Available ,QIPL-RA ,NA 
210015 ,Snigdha Upadhyay ,snigdha.upadhyay@thundersoft.com ,E1 ,10 / 9 / 18 ,Not Available ,Anurag ,Not Available ,OnePlus ,NA 
210016 ,Srikanth Mucharla ,srikanth.mucharla@thudersoft.com ,E2 ,14 / 9 / 18 ,Not Available ,Sreenath ,Power/Performance ,QIPL-RA ,NA 
210017 ,Chandrika S ,chandrika.s@thundersoft.com ,E1 ,14 / 9 / 18 ,Not Available ,Sreenath ,Power/Performance ,QIPL-RA ,NA 
210018 ,Sreenath Chittepu ,sreenath@thundersoft.com ,E4 ,17 / 9 / 18 ,9989470520 ,Sudharani Pillai ,Power/Performance ,QIPL-RA ,NA 
210019 ,Lokesh Kumar ,lokesh@thundersoft.com ,S2 ,20 / 9 / 18 ,9618319395 ,Sudharani Pillai ,Admin ,Support ,NA 
210021 ,Raji Reddy kandi ,raji.reddy@thundersoft.com ,E1 ,20 / 9 / 18 ,Not Available ,Sachin ,Not Available ,QIPL-RA ,NA 
210022 ,Vikas Reddy ,vikas.pachika@thundersoft.com ,E2 ,3 / 10 / 18 ,7207667847 ,Sachin ,Not Available ,QIPL-RA ,NA 
210023 ,Srivalli Oguri ,srivalli.oguri@thundersoft.com ,E3  ,3 / 10 / 18 ,t ,Sudharani Pillai ,B&I ,8009 LWL Test project ,NA 
210024 ,Harsh ,harsh@thundersoft.com ,E1 ,3 / 10 / 18 ,Not Available ,Shanthi Sindhu ,Not Available ,QIPL-RA ,NA 
210026 ,Hemanth Kalpavai ,hemanth.k@thundersoft.com ,E1 ,3 / 10 / 18 ,Not Available ,Srikanth Ch ,Testing ,QIPL-RA ,NA 
210027 ,jitendra Bhagavan Thakare ,Jitendra.Thakare@thundersoft.com ,E1 ,8 / 10 / 18 ,Not Available ,Sreenath ,Power/Performance ,QIPL-RA ,NA 
210028 ,Anil Kumar Nelgi ,anil.nelgi@thundersoft.com ,E2 ,10 / 10 / 18 ,Not Available ,Sivaram ,Audio ,QIPL-KPI-Audio ,NA 
210030 ,K. Santhi Sindhu ,santhi.sindhu@thundersoft.com ,E1 ,24 / 10 / 18 ,Not Available ,Sachin ,Not Available ,QIPL-RA ,NA 
210031 ,Mahender Mudupu ,mahender.reddy@thundersoft.com ,E1 ,24 / 10 / 18 ,Not Available ,Sreenath ,Power/Performance ,QIPL-RA ,NA 
210032 ,Sudarshan Reddy ,sudarshan.reddy@thundersoft.com ,E1 ,29 / 10 / 18 ,Not Available ,Srikanth Ch ,Testing ,QIPL-RA ,NA 
210033 ,Isha Padiyar ,isha.padiyar@thundersoft.com ,E1 ,29 / 10 / 18 ,7983017246 ,Farida M ,Audio ,Bench ,NA 
210034 ,Sohail Hoque ,sohail.hoque@thundersoft.com ,E1 ,29 / 10 / 18 ,9732035949 ,Sivaram ,Android Audio ,QIPL-RA ,NA 
210035 ,G.Arun Kumar ,arun.kumar@thundersoft.com ,E1 ,29 / 10 / 18 ,Not Available ,Monika ,Android Camera ,Bench ,NA 
210036 ,K.Vamsi Kumar Reddy ,vamsi.kumar@thundersoft.com ,E1 ,29 / 10 / 18 ,8247505577 ,Farida M ,Android Audio ,Bench ,NA 
210037 ,Naga Dheeraj Kurapati ,dheeraj.kurapati@thundersoft.com ,E1 ,29 / 10 / 18 ,9494535604 ,Raji Reddy ,Not Available ,QIPL-RA ,NA 
210038 ,Pillanagrovila Prashanth Yadav ,prashanth.yadav@thundersoft.com ,E1 ,29 / 10 / 18 ,Not Available ,Shanthi Sindhu ,Not Available ,QIPL-RA ,NA 
210039 ,Shaik Sajida Bhanu ,sajida.bhanu@thundersoft.com ,E2 ,29 / 10 / 18 ,9966309241 ,Balaram ,Connectivity ,QIPL-KPI-Chrome ,NA 
210040 ,T suneel Kumar ,suneel.kumar@thundersoft.com ,E2 ,29 / 10 / 18 ,Not Available ,Anurag ,Not Available ,OnePlus ,NA 
210042 ,Mohammed Rizwan ,md.rizwan@thundersoft.com ,E2 ,5 / 10 / 18 ,Not Available ,Srikanth Ch ,Testing ,QIPL-RA ,NA 
210043 ,Harshit Agarwal ,harshit.agarwal@thundersoft.com ,E1 ,5 / 10 / 18 ,7905222323 ,Sreenath ,Power/Performance ,QIPL-RA ,NA 
210044 ,Navya Challagulla ,navya.challagulla@thundersoft.com ,E1 ,5 / 10 / 18 ,Not Available ,Srikanth Ch ,Testing ,QIPL-RA ,NA 
210045 ,Rakesh Varkolu ,rakesh.varkolu@thundersoft.com ,E1 ,5 / 10 / 18 ,Not Available ,Sreenath ,Power/Performance ,QIPL-RA ,NA 
210047 ,Nitesh Veera Madisetty ,nitesh.madisetty@thundersoft.com ,E2 ,8 / 11 / 18 ,Not Available ,Srikanth Ch ,Testing ,QIPL-RA ,NA 
210049 ,Kusakumar Punnana ,kusa.kumar@thundersoft.com ,E1 ,13 / 11 / 18 ,Not Available ,Anurag ,Not Available ,OnePlus ,NA 
210050 ,Pradnya Dahiwale ,pradnya.dahiwale@thundersoft.com ,E1 ,14 / 11 / 18 ,Not Available ,Sreenath ,Power/Performance ,QIPL-RA ,NA 
210051 ,Vineeta Singh ,vineeta.singh@thundersoft.com ,E1 ,19 / 11 / 18 ,Not Available ,Anurag ,Not Available ,OnePlus ,NA 
210052 ,Vasavi Kandikattu ,vasavi.kandikattu@thundersoft.com ,E1 ,19 / 11 / 18 ,Not Available ,Srikanth Ch ,Testing ,QIPL-RA ,NA 
210053 ,Sammai Chakravathy ,sammai.chakravarthy@thundersoft.com ,E1 ,19 / 11 / 18 ,Not Available ,Farida M ,Android Audio ,Bench ,NA 
210054 ,Sai Sasank Vempaty ,saisasank.vemapty@thundersoft.com ,E1 ,19 / 11 / 18 ,Not Available ,Srivalli ,B&I ,QIPL-RA ,NA 
210055 ,Srikanth Chatradipally ,srikanth.chatradipally@thundersoft.com ,E3  ,19 / 11 / 18 ,Not Available ,Sudharani Pillai ,Testing ,QIPL-KPI-Chrome ,NA 
210056 ,Vangala Pavan Kumar ,pavan.vangala@thundersoft.com ,E2 ,20 / 11 / 18 ,Not Available ,Sachin ,Not Available ,QIPL-RA ,NA 
210057 ,Reddeswaramma Chitipireddy ,reddeswari.c@thundersoft.com ,E3  ,27 / 11 / 18 ,Not Available ,Balaram ,Multimedia ,QIPL-KPI-Chrome ,NA 
210058 ,Balaramu Naidu ,balaram.naidu@thundersoft.com ,E4 ,3 / 12 / 18 ,9885473114 ,Sudharani Pillai ,Delivery ,QIPL-KPI-Chrome ,NA 
210059 ,Venkata  Pavan Kumar Karri ,pavan.karri@thundersoft.com ,S3 ,3 / 12 / 18 ,Not Available ,Anuradha ,HR ,Support ,NA 
210060 ,Swapna Devi Pokuri ,swapna.pokuri@thundersoft.com ,E3  ,3 / 12 / 18 ,Not Available ,Anurag ,Not Available ,OnePlus ,NA 
210061 ,Ramulu Akarapu ,ramulu.akarapu@thundersoft.com ,E2 ,4 / 12 / 18 ,Not Available ,Balaram ,Not Available ,QIPL-RA ,NA 
210065 ,Shashank Reddy ,shashank.reddy@thundersoft.com ,E2 ,17 / 12 / 18 ,Not Available ,Teja Chitikela ,Stability ,QIPL-RA ,NA 
210067 ,Chappa Kishor ,kishor.chappa@thundersoft.com ,E2 ,27 / 12 / 18 ,Not Available ,Srivalli ,B&I ,QIPL-RA ,NA 
210068 ,Maheswara Sarma ,maheswara.sarma@thundersoft.com ,E1 ,31 / 12 / 18 ,Not Available ,Srivalli ,B&I ,QIPL-RA ,NA 
210070 ,Sivakumar Chikkala ,siva.chikkala@thundersoft.com ,E1 ,3 / 1 / 19 ,Not Available ,Sivaram ,Audio ,QIPL-RA ,NA 
210072 ,Ravi Kumar Bokka ,ravi.bokka@thundersoft.com ,E3  ,7 / 1 / 19 ,Not Available ,Balaram ,Not Available ,QIPL-KPI-Chrome ,NA 
210073 ,Shaikh Shadul A Karim ,shadul.shaik@thundersoft.com ,E3  ,21 / 1 / 19 ,8897224382 ,Sachin ,Not Available ,QIPL-RA ,NA 
210074 ,Sandeep Maheswaram ,sandeep.maheswaram@thundersoft.com ,E3  ,23 / 1 / 19 ,Not Available ,Balaram ,UART/Buses ,QIPL-KPI-Chrome ,NA 
210076 ,Mala Srinivas ,mala@thundersoft.com ,S3 ,3 / 9 / 18 ,Not Available ,Anuradha ,Recruitment ,Support ,NA 
210077 ,Manasa Sandhireddy ,manasa.sandireddy@thundersoft.com ,E2 ,4 / 2 / 19 ,Not Available ,Srikanth Ch ,Testing ,QIPL-RA ,NA 
210078 ,Srinivasareddy Mallidi ,srinivasa.malladi@thundersoft.com ,E2 ,5 / 2 / 19 ,Not Available ,Balaram ,Not Available ,QIPL-RA ,NA 
210079 ,Naga Sujatha  ,naga.sujatha@thundersoft.com ,E2 ,6 / 2 / 19 ,Not Available ,Prasanna ,Modem ,Bench ,NA 
210080 ,Teja Venkata Ramana Chitikela ,teja.chitikela@thudersoft.com ,E3  ,11 / 2 / 19 ,9493500010 ,Balaram ,Stability ,QIPL-KPI-Chrome ,NA 
210081 ,Nazia Jabeen ,nazia.jabeen@thundersoft.com ,E2 ,11 / 2 / 19 ,Not Available ,Balaram ,Not Available ,Bench ,NA 
210082 ,Sudhakar Nalli ,sudhakar.nalli@thundersoft.com ,E1 ,18 / 2 / 19 ,Not Available ,Vageeswari ,Modem ,QIPL-RA ,NA 
210083 ,Chakravarthi Chinta ,chakravarthi.chinta@thundersoft.com ,E1 ,18 / 2 / 19 ,Not Available ,Srikanth Ch ,Testing ,QIPL-KPI-Chrome ,NA 
210084 ,Md Irfan ,irfan.md@thundersoft.com ,E2 ,20 / 2 / 19 ,9059645353 ,Srikanth Ch ,Testing ,QIPL-RA ,NA 
210086 ,Anshul R Shrivas ,anshul.shrivas@thundersoft.com ,E1 ,4 / 3 / 19 ,9371822251 ,Balaram ,Power ,QIPL-KPI-Chrome ,NA 
210087 ,Mopidevi NandaGopal ,nandagopal.mopidevi@thundersoft.com ,E2 ,5 / 3 / 19 ,Not Available ,Srikanth Ch ,Testing ,QIPL-KPI-Chrome ,NA 
210088 ,Anil Duryodhanula ,anil.duryodanula@thundersoft.com ,E3  ,14 / 3 / 19 ,Not Available ,Balaram ,Not Available ,QIPL-RA ,NA 
210089 ,Roja Rani Yarubandi ,rojarani.y@thundersoft.com ,E3  ,18 / 3 / 19 ,Not Available ,Balaram ,UART/Buses ,QIPL-KPI-Chrome ,NA 
210090 ,Jana Tulasi Naga Durga ,tulasi.jana@thundersoft.com ,E1 ,18 / 3 / 19 ,9030353209 ,Farida M ,Android Audio ,Bench ,NA 
210091 ,Doppalapudi Keerthi Priya ,keerthi.doppalapudi@thundersoft.com ,E1 ,25 / 3 / 19 ,Not Available ,Srikanth Ch ,Testing ,QIPL-RA ,NA 
210092 ,Mansur Alisha Shaik ,mansur.alisha@thundersoft.com ,E2 ,1 / 4 / 19 ,9494848293 ,Balaram ,Kernel ,QIPL-KPI-Chrome ,NA 
210093 ,Kishore Sunkara ,kishore.sunkara@thundersoft.com ,E1 ,9 / 4 / 19 ,Not Available ,Sivaram ,Audio ,QIPL-KPI-Audio ,NA 
210095 ,Shaikh Mehtab ,mehtab.shaik@thundersoft.com ,E2 ,22 / 4 / 19 ,Not Available ,Anurag ,Not Available ,OnePlus ,NA 
210097 ,Gude Ravichand ,ravichand.gude@thundersoft.com ,E2 ,6 / 5 / 19 ,9492567562 ,Srikanth Ch ,Testing ,QIPL-KPI-Chrome ,NA 
210098 ,Venkata Manasa Kakarle ,manasa.kakarla@thundersoft.com ,E1 ,13 / 5 / 19 ,Not Available ,Teja Chitikela ,Stability ,QIPL-RA ,NA 
210100 ,Asish Ranjan Muni ,asish.ranjan@thundersoft.com ,E3  ,24 / 5 / 19 ,Not Available ,Prasanna ,Modem ,Bench ,NA 
210101 ,Kisan Dudhanath Yadav ,kisan.dudhanath@thundersoft.com ,E2 ,3 / 6 / 19 ,9664374673 ,Sivaram ,Audio ,QIPL-KPI-Audio ,NA 
210102 ,Bhuvaneshwari Balagar ,bhuvaneshwari.balagar@thundersoft.com ,E1 ,3 / 6 / 19 ,Not Available ,Balaram ,Stability ,QIPL-KPI-Chrome ,NA 
210103 ,Chandan ,chandan@thundersoft.com ,E1 ,3 / 6 / 19 ,Not Available ,Balaram ,B&I ,QIPL-KPI-Chrome ,NA 
210104 ,Kakitapalli Satya Priya ,satya.kakitapall@thundersoft.com ,E1 ,3 / 6 / 19 ,Not Available ,Balaram ,UART/Buses ,QIPL-KPI-Chrome ,NA 
210105 ,Pallavi Devidas Sonekar ,pallavi.devidas@thundersoft.com ,E1 ,3 / 6 / 19 ,9511754745 ,Farida M ,Android Audio ,Bench ,NA 
210106 ,Gaade Anthony Ashok Reddy ,ashok.gaade@thundersoft.com ,E1 ,3 / 6 / 19 ,8106466192 ,Farida M ,Android Audio ,Bench ,NA 
210107 ,Kamble Rajeshwari Ravindra ,rajeswari.kamble@thundersoft.com ,E1 ,3 / 6 / 19 ,Not Available ,Balaram ,Not Available ,QIPL-KPI-Chrome ,NA 
210108 ,Prasanna Akella ,prasanna.akella@thundersoft.com ,E4 ,7 / 6 / 19 ,9742620003 ,Sudharani Pillai ,Modem ,Bench ,NA 
210109 ,Nikhil Vihar Boyapati ,nikhil.boyapati@thundersoft.com ,E1 ,17 / 6 / 19 ,Not Available ,Srikanth Ch ,Testing ,QIPL-KPI-Chrome ,NA 
210110 ,Sivaram Kuppa ,sivaram.kuppa@thundersoft.com ,E4 ,27 / 6 / 19 ,9989097927 ,Balaram ,Audio ,QIPL-KPI-Chrome ,NA 
210111 ,Suganya Aravazhi ,suganya.aravazhi@thundersoft.com ,S1 ,1 / 7 / 19 ,Not Available ,Anuradha ,HR ,Support ,NA 
210112 ,Nitesh Kumar Yadav ,nitesh.yadav@thundersoft.com ,E1 ,1 / 7 / 19 ,9700653448 ,Prasanna ,Modem ,QIPL-RA ,NA 
210113 ,Mangalaram Suresh Kumar ,suresh.mangalaram@thundersoft.com ,E1 ,2 / 7 / 19 ,Not Available ,Srivalli / Srikanth ch ,Testing ,Bench ,NA 
210114 ,Munagala Sumalatha ,sumalatha.munagala@thundersoft.com ,E1 ,2 / 7 / 19 ,9121058990 ,Anuradha B ,Testing ,Bench ,NA 
210115 ,Ayeshu Sharma ,ayeshu.sharma@thundersoft.com ,E1 ,2 / 7 / 19 ,Not Available ,Srikanth Ch ,Testing ,QIPL-KPI-Chrome ,NA 
210116 ,Kadali Venkata Surya Satya Sai Sirisha ,sirisha.kadali@thundersoft.com ,E1 ,3 / 7 / 19 ,Not Available ,Srikanth Ch ,Testing ,QIPL-KPI-Chrome ,NA 
210117 ,Patil Rajesh Reddy ,rajesh.patil@thundersoft.com ,E1 ,3 / 7 / 19 ,Not Available ,Srikanth Ch ,Testing ,QIPL-KPI-Chrome ,NA 
210118 ,Pasam Dhamini ,dhamini.pasam@thundersoft.com ,E1 ,3 / 7 / 19 ,8187848553 ,Balaram ,Not Available ,QIPL-KPI-Chrome ,NA 
210119 ,Pippala Durgamanikanta ,durgamanikanta.pippala@thundersoft.com ,E1 ,8 / 7 / 19 ,9959914315 ,Sowmya Ranjan ,BSP ,Bench ,NA 
210120 ,Mokara Veera Venkata Lakshmi Prasanna ,prasanna.mokara@thundersoft.com ,E1 ,8 / 7 / 19 ,Not Available ,Srikanth Ch ,Testing ,QIPL-KPI-Chrome ,NA 
210121 ,T.Bharath Bharadwaj ,bharath.bharadwarj@thundersoft.com ,E2 ,8 / 7 / 19 ,Not Available ,Srikanth Ch ,Testing ,QIPL-KPI-Chrome ,NA 
210122 ,Narendra Babu Koppera ,narendra.koppera@thundersoft.com ,E2 ,8 / 7 / 19 ,8247653545 ,Srikanth ch ,Testing ,QIPL-RA ,NA 
210124 ,Anuradha Yasaram ,anuradha.yasaram@thundersoft.com ,E2 ,17 / 7 / 19 ,Not Available ,Balaram ,Not Available ,QIPL-KPI-Chrome ,NA 
210125 ,Harendra Gautam ,harendra.gautam@thundersoft.com ,E1 ,18 / 7 / 18 ,8802327387 ,Sivaram ,Audio ,QIPL-RA ,NA 
210126 ,Mula Yogya ,yogya.mula@thundersoft.com ,E1 ,22 / 7 / 19 ,Not Available ,Sivaram ,Audio ,QIPL-KPI-Audio ,NA 
210127 ,Pavani Gandepalli ,pavani.gandepalli@thundersoft.com ,E1 ,22 / 7 / 19 ,8985418013 ,Srivalli ,B&I ,QIPL-RA ,NA 
210128 ,Babji Duggirala ,babji.duggirala@thundersoft.com ,E3  ,26 / 7 / 19 ,Not Available ,Srikanth Ch ,Testing ,QIPL-KPI-Chrome ,NA 
210129 ,Praveen Kumar Moparthi ,praveen.moparthi@thundersoft.com ,E2 ,1 / 8 / 19 ,Not Available ,Srikanth Ch ,Testing ,QIPL-KPI-Chrome ,NA 
210130 ,Muppireddy Harish Reddy ,harish.muppireddy@thundersoft.com ,E1 ,5 / 8 / 19 ,Not Available ,Srikanth Ch ,Testing ,QIPL-RA ,NA 
210131 ,Boddupalli Pavani Mounika ,boddupalli.pavani@thundersoft.com ,E1 ,5 / 8 / 19 ,Not Available ,Sivaram ,Audio ,QIPL-RA ,NA 
210132 ,Paladi Santhoshi Manasa ,santhoshi.paladi@thundersoft.com ,E1 ,5 / 8 / 19 ,Not Available ,Sivaram ,Audio ,QIPL-RA ,NA 
210133 ,Katthi Shashikala ,shashikala.katthi@thundersoft.com ,E1 ,12 / 8 / 19 ,9133126893 ,Monika ,Android Camera ,Bench ,NA 
210134 ,Makkuva Venkata Srinivas ,makkuva.srinivas@thundersoft.com ,E1 ,12 / 8 / 19 ,9666792262 ,Sowmya Ranjan ,BSP ,Bench ,NA 
210135 ,Trupti Bhole ,trupti.bhole@thundersoft.com ,E1 ,12 / 8 / 19 ,9406318710 ,Monika ,Android Camera ,Bench ,NA 
210136 ,Vishal Shukla ,vishal.shukla@thundersoft.com ,E1 ,12 / 8 / 19 ,9473739146 ,Monika ,Android Camera ,Bench ,NA 
210137 ,Ladi Ram Sai ,ramsai.ladi@thundersoft.com ,E1 ,12 / 8 / 19 ,8332873028 ,Nageswar ,Connectivity ,Bench ,NA 
210138 ,Shruti ,shruthi.s@thundersoft.com ,E1 ,12 / 8 / 19 ,9899507589 ,Srikanth Ch ,Testing ,QIPL-RA ,NA 
210140 ,Ameya Joshi ,ameya.joshi@thundersoft.com ,E1 ,12 / 8 / 19 ,7875787065 ,Srikanth Ch ,Testing ,QIPL-RA ,NA 
210141 ,Gudipati Bhavana Srimayi ,bhavana.gudipati@thundersoft.com ,E1 ,19 / 8 / 19 ,9014129819 ,Sowmya Ranjan ,BSP ,Bench ,NA 
210143 ,Koduri Kondareddy ,kondareddy.konduri@thundersoft.com ,E1 ,22 / 8 / 19 ,9738743187 ,Srikanth Ch ,Testing ,QIPL-KPI-Chrome ,NA 
210144 ,Nimmala Sampath ,nimmala.sampath@thundersoft.com ,E1 ,26 / 8 / 19 ,Not Available ,Balaram ,B&I ,QIPL-KPI-Chrome ,NA 
210146 ,Sampath Gopathi ,gopathi.sampath@thundersoft.com ,E1 ,3 / 9 / 19 ,Not Available ,Sreenath ,Power/Performance ,QIPL-RA ,NA 
210147 ,Ganapathiraju Sarath Varma ,sarath.varma@thundersoft.com ,E2 ,5 / 9 / 19 ,8978408855 ,Sivaram ,Audio ,QIPL-RA ,NA 
210148 ,Anurag Sharma ,anurag.sharma@thundersoft.com ,E3  ,9 / 9 / 19 ,Not Available ,Sudharani Pillai ,Not Available ,OnePlus ,NA 
210149 ,Monika Alekhya Bommisetti ,monika.bommisetti@thundersoft.com ,E3  ,9 / 9 / 19 ,9030807752 ,Sudharani Pillai ,Android Camera ,Bench ,NA 
210150 ,Keshoju Alekya ,alekya.keshroju@thundersoft.com ,E1 ,9 / 9 / 19 ,Not Available ,Srikanth Ch ,Testing ,QIPL-RA ,NA 
210151 ,Vageeswari Panchagnula ,vageeswari.panchagnula@thundersoft.com ,E3  ,9 / 9 / 19 ,9908871706 ,Prasanna ,Modem ,Bench ,NA 
210153 ,Musarrat Afrin ,afrin.musarrat@thundersoft.com ,E1 ,9 / 9 / 19 ,t ,Srikanth Ch / Srivalli ,Testing ,8009 LWL Test project ,NA 
210154 ,Tellapati Reddaiah ,naidu@thundersoft.com ,E1 ,10 / 10 / 19 ,9849558258 ,Balaram ,Not Available ,QIPL-KPI-Chrome ,NA 
210155 ,Shubhrajit Lahiri ,shubhrajit.lahiri@thundersoft.com ,E1 ,29 / 10 / 19 ,Not Available ,Anurag ,Not Available ,Oneplus ,NA 
210156 ,Panicker Harish ,harish.panicker@thundersoft.com ,E1 ,4 / 11 / 19 ,7698099504 ,Nageswar ,BSP ,Bench ,NA 
210157 ,Uppari Kranthi Kumar ,kranthi.uppari@thundersoft.com ,E1 ,4 / 11 / 19 ,8897763995 ,Vageeswari ,Modem ,Bench ,NA 
210158 ,Guhan Sreeja ,sreeja.guhab@thundersoft.com ,E1 ,4 / 11 / 19 ,Not Available ,Vageeswari ,Modem ,QIPL-RA ,NA 
210159 ,Shubhangi Shashikant Joshi ,shubhangi.joshi@thundersoft.com ,E1 ,4 / 11 / 19 ,Not Available ,Vageeswari ,Modem ,Bench ,NA 
210160 ,Komal Chandrakant Bankar ,komal.bankar@thundersoft.com ,E1 ,4 / 11 / 19 ,8007948244 ,Vageeswari ,Modem ,Bench ,NA 
210161 ,Kondekar Preksha Vikas ,preksha.kondekar@thundersoft.com ,E1 ,4 / 11 / 19 ,Not Available ,Vageeswari ,Modem ,Bench ,NA 
210162 ,Gubba Venkata Lakshmi Narayana ,narayana.gubba@thundersoft.com ,E2 ,6 / 11 / 19 ,9989117765 ,Balaram ,Connectivity ,QIPL-KPI-Chrome ,NA 
210163 ,Manasa Vallampalli ,manasa.vallampalli@thundersoft.com ,Intern ,11 / 11 / 19 ,Not Available ,Anuradha B ,Testing ,NA ,NA 
210164 ,Pavan Kumar Rajole ,rajole.pavan@thundersoft.com ,E1 ,25 / 11 / 19 ,Not Available ,Srivalli ,B&I ,Bench ,NA 
210165 ,Marem Bhagya Lakshmi Devi ,bhagya.marem@thundersoft.com ,E1 ,25 / 11 / 19 ,9133889698 ,Neeraj ,Graphics ,Bench ,NA 
210166 ,Zambrae Ashlesha Chandragupt ,ashlesha.zambre@thundersoft.com ,E1 ,25 / 11 / 19 ,Not Available ,Anuradha B ,Testing ,Bench ,NA 
210167 ,Kalyani Polepeddy ,kalyani.polepeddy@thundersoft.com ,E4 ,25 / 11 / 19 ,9959663644 ,Sudharani Pillai ,Project Management ,Bench ,NA 
210168 ,Bolisetty Hemalatha ,hemalatha.bolisetty@thundersoft.com ,E1 ,27 / 11 / 19 ,7993171688 ,Anuradha B ,Testing ,Bench ,NA 
210169 ,Soumya Ranjan Sutar ,soumya.sutar@thundersoft.com ,E3  ,2 / 12 / 19 ,9010661098 ,Sudharani Pillai ,BSP ,Bench ,NA 
210171 ,Karnati Nageswara Reddy ,nageswara.karnati@thundersoft.com ,E4 ,12 / 12 / 19 ,9972962316 ,Sudharani Pillai ,BSP/Connectivity ,Bench ,NA 
210172 ,Alekhya Dyavanapelly ,alekhya.dyavanapelly@thundersoft.com ,Intern ,16 / 12 / 19 ,Not Available ,Anuradha B ,Testing ,NA ,NA 
210173 ,Subhrajit Deb Sharma ,subhrajit.sharma@thundersoft.com ,E1 ,18 / 12 / 19 ,Not Available ,Neeraj ,Graphics ,Bench ,NA 
210174 ,Bollisetty Siri Lakshmi ,sirilakshmi.bolisetti@thundersoft.com ,E1 ,23 / 12 / 19 ,Not Available ,Sivaram ,Audio ,QIPL-RA ,NA 
210175 ,Matta Jayaram ,jayaram.matta@thundersoft.com ,E2 ,26 / 12 / 19 ,8096796118 ,Nageswar ,BSP ,Bench ,NA 
210176 ,Karnekota Satish Kumar ,satish.karnekota@thundersoft.com ,E2 ,26 / 12 / 19 ,Not Available ,Farida M ,Android Audio ,Bench ,NA 
210177 ,Chaitanya Swaroop Juturi ,chaitanya.juturi@thundersoft.com ,E1 ,2 / 1 / 20 ,Not Available ,Farida M ,Android Audio ,QIPL-RA ,NA 
210178 ,Neeraj Kumar ,neeraj.kumar@thundersoft.com ,E3  ,2 / 1 / 20 ,Not Available ,Sudharani Pillai ,Graphics ,Bench ,NA 
210179 ,Farida M ,farida.m@thundersoft.com ,E3  ,3 / 1 / 20 ,Not Available ,Sudharani Pillai ,Android Audio ,Bench ,NA 
210180 ,Polisetty Tejaswi ,tejaswi.polisetty@thundersoft.com ,E1 ,6 / 1 / 20 ,8985466138 ,Anuradha B ,Testing ,Bench ,NA 
210182 ,Phanidapu Naga Vara Prasad ,varaprasad.naga@thundersoft.com ,E1 ,20 / 1 / 20 ,Not Available ,Anuradha B ,Testing ,Bench ,NA 
210183 ,Dangeti Shanmukha Suresh ,dangeti.suresh@thundersoft.com ,E1 ,20 / 1 / 20 ,9177260367 ,Sowmya Ranjan ,BSP ,Bench ,NA 
210184 ,Ankur Tyagi ,ankur@thundersoft.com ,E4 ,20 / 1 / 20 ,Not Available ,Sudharani Pillai ,Sales ,Support ,NA 
210185 ,Swetha Nallala ,swetha.nallala@thundersoft.com ,Intern ,20 / 1 / 20 ,Not Available ,Anuradha B ,Testing ,NA ,NA 
210186 ,Dadagouda Biradar ,biradar.dadagouda@thundersoft.com ,E3  ,5 / 2 / 20 ,Not Available ,Sudharani Pillai ,Testing ,Bench ,NA 
210187 ,Anuradha Bathina ,battina.anuradha@thundersoft.com ,E3  ,5 / 2 / 20 ,Not Available ,Sudharani Pillai ,Q&A ,Bench ,NA 
210188 ,Marepally Sandeep Reddy ,marempally.sandeep@thundersoft.com ,E2 ,10 / 2 / 20 ,Not Available ,Srikanth Ch ,Testing ,QIPL-RA ,NA 
210189 ,Chintala Youghandhar ,youghandar.chintala@thundersoft.com ,E3  ,12 / 2 / 20 ,Not Available ,Balaram ,Connectivity ,QIPL-KPI-Chrome ,NA 
210190 ,Dumpeti Sathish Kumar ,dumpeti.sathish@thundersoft.com ,E3  ,17 / 2 / 20 ,7348828096 ,Nageswar ,BSP ,Bench ,NA 
210191 ,Alamuru Jitendranath Reddy ,alamuru.jitendranath@thundersoft.com ,Intern ,24 / 2 / 20 ,Not Available ,Srivalli ,B&I ,NA ,NA 
210192 ,Sreekesh Kulakarni ,sreekesh.kulakarni@thundersoft.com ,Intern ,24 / 2 / 20 ,8135041457 ,Srivalli ,B&I ,NA ,NA 
210193 ,Kasi Nagesh Goparaju ,kasi.nagesh@thundersoft.com ,E3  ,18 / 3 / 20 ,9866745334 ,Sudharani Pillai ,Testing ,Bench ,NA 
210194 ,Siddalingesh Koosalapur ,siddalingesh.k@thundersoft.com ,E3  ,2 / 4 / 20 ,9008466162 ,Sudharani Pillai ,Not Available ,QIPL-RA ,NA 
